title,comm_add,price_det,unit_price,size,buildTime,detail_link
^^^^^^
外滩名著超大的海景视野、巨无霸的海景效果 万亩湿地公园相^外滩名著(机场路)  [大理市-大理市 机场路,近裕龙大道]^87^6000元/m²^145m²^2017年建造^http://dali.anjuke.com/prop/view/A804976580?from=structured_dict&spread=filtersearch_p&ab=expclick-AJKERSHOUFANG_101_sortrand_desc&position=1&now_time=1492419410
这么低的价格就可以坐在客厅看见海景  您还要等什么^外滩名著(机场路)  [大理市-大理市 机场路,近裕龙大道]^88^5176元/m²^170m²^2017年建造^http://dali.anjuke.com/prop/view/A725091674?from=structured_dict&spread=filtersearch_p&ab=expclick-AJKERSHOUFANG_101_sortrand_desc&position=2&now_time=1492419410
石化小区大户型,精装修,低价出售,小区仅此一套^李泽花^85^5555元/m²^153m²^^http://dali.anjuke.com/prop/view/E331629870?from=structured_dict&spread=filtersearch_p&ab=expclick-AJKERSHOUFANG_101_sortrand_desc&position=3&now_time=1492419410
生活便利.环境优美交通方便^三豪花园  [大理市-大理市 苍山路]^85^6538元/m²^130m²^^http://dali.anjuke.com/prop/view/E328227548?from=structured_dict&spread=filtersearch_p&ab=expclick-AJKERSHOUFANG_101_sortrand_desc&position=4&now_time=1492419410
七小旁边适合孩子读书和老人居住的楼梯房^潘玉宝^85^6390元/m²^133m²^^http://dali.anjuke.com/prop/view/E322889260?from=structured_dict&spread=filtersearch_p&ab=expclick-AJKERSHOUFANG_101_sortrand_desc&position=5&now_time=1492419410
南地观天下 4室2厅2卫 127㎡精装出售^南地观天下  [大理市-大理市 开发区]^63^4960元/m²^127m²^^http://dali.anjuke.com/prop/view/E332128609?from=structured_dict&spread=filtersearch_p&ab=expclick-AJKERSHOUFANG_101_sortrand_desc&position=6&now_time=1492419410
大理市鸿城广场 4室2厅2卫 147㎡^鸿城广场  [大理市-大理市 泰安路]^86^5850元/m²^147m²^^http://dali.anjuke.com/prop/view/E323289592?from=structured_dict&spread=filtersearch_p&ab=expclick-AJKERSHOUFANG_101_sortrand_desc&position=7&now_time=1492419410
大理市文化路上段单 4室2厅2卫 120㎡^文化路上段单位房  [大理市-大理市 文化路上段]^86^7166元/m²^120m²^^http://dali.anjuke.com/prop/view/E329140931?from=structured_dict&spread=filtersearch_p&ab=expclick-AJKERSHOUFANG_101_sortrand_desc&position=8&now_time=1492419410
大理市质监局宿舍 4室2厅2卫 120㎡^张宏石^90^7500元/m²^120m²^^http://dali.anjuke.com/prop/view/E324285698?from=structured_dict&spread=filtersearch_p&ab=expclick-AJKERSHOUFANG_101_sortrand_desc&position=9&now_time=1492419410
兴盛路兴盛小区 错层满2年诚心出售^施雅涓^88^6567元/m²^134m²^^http://dali.anjuke.com/prop/view/E329598166?from=structured_dict&spread=filtersearch_p&ab=expclick-AJKERSHOUFANG_101_sortrand_desc&position=10&now_time=1492419410
急售南帝观天下精装四居室127平米^南帝观天下  [大理市-大理市 巍山路与沧浪路口]^85^6538元/m²^130m²^^http://dali.anjuke.com/prop/view/E324697774?from=structured_dict&spread=filtersearch_p&ab=expclick-AJKERSHOUFANG_101_sortrand_desc&position=11&now_time=1492419410
大理市外滩名著 4室2厅2卫 156㎡大户型 一线海景房^曾光^80^5128元/m²^156m²^^http://dali.anjuke.com/prop/view/E321427059?from=structured_dict&spread=filtersearch_p&ab=expclick-AJKERSHOUFANG_101_sortrand_desc&position=12&now_time=1492419410
海东新城 4室2厅3卫^奚女士^80^4097元/m²^195m²^^http://dali.anjuke.com/prop/view/H322893338?from=structured_dict&spread=filtersearch_p&ab=expclick-AJKERSHOUFANG_101_sortrand_desc&position=13&now_time=1492419410
石化小区大平层 4室 153m²，南北向，三楼^刘彪^98^6405元/m²^153m²^^http://dali.anjuke.com/prop/view/E330742708?from=structured_dict&spread=filtersearch_p&ab=expclick-AJKERSHOUFANG_101_sortrand_desc&position=14&now_time=1492419410
海东新城 4室2厅2卫 160平米^赵先生^65^4062元/m²^160m²^^http://dali.anjuke.com/prop/view/H324293514?from=structured_dict&spread=filtersearch_p&ab=expclick-AJKERSHOUFANG_101_sortrand_desc&position=15&now_time=1492419410
海东新城天然气入户自来水直引四所大学六所高中配套^赵晓波^60^3870元/m²^155m²^^http://dali.anjuke.com/prop/view/E330394439?from=structured_dict&spread=filtersearch_p&ab=expclick-AJKERSHOUFANG_101_sortrand_desc&position=16&now_time=1492419410
大理市鸿城广场 4室2厅2卫 147㎡^鸿城广场  [大理市-大理市 泰安路]^86^5850元/m²^147m²^^http://dali.anjuke.com/prop/view/E320632713?from=structured_dict&spread=filtersearch_p&ab=expclick-AJKERSHOUFANG_101_sortrand_desc&position=17&now_time=1492419410
大理新层所剩不多大户型平层,一梯两户,南北通透,户型正气^韩芳^61^3897元/m²^156m²^^http://dali.anjuke.com/prop/view/E328537467?from=structured_dict&spread=filtersearch_p&ab=expclick-AJKERSHOUFANG_101_sortrand_desc&position=18&now_time=1492419410
大理市海东新城 4室2厅1卫 160㎡特价房出售^肖丽芬^76^4750元/m²^160m²^^http://dali.anjuke.com/prop/view/E331995899?from=structured_dict&spread=filtersearch_p&ab=expclick-AJKERSHOUFANG_101_sortrand_desc&position=19&now_time=1492419410
自由派 4室 89m²^钱建洁^58^6516元/m²^89m²^^http://dali.anjuke.com/prop/view/E325469095?from=structured_dict&spread=filtersearch_p&ab=expclick-AJKERSHOUFANG_101_sortrand_desc&position=20&now_time=1492419410
大理市河畔金色 4室2厅2卫 132㎡^河畔金色  [大理市-大理市 市中心]^92^6969元/m²^132m²^^http://dali.anjuke.com/prop/view/E331212615?from=structured_dict&spread=filtersearch_p&ab=expclick-AJKERSHOUFANG_101_sortrand_desc&position=21&now_time=1492419410
大理市幸福里4室2厅2卫133平米^幸福里  [大理市-大理市 巍山路口]^72^5413元/m²^133m²^^http://dali.anjuke.com/prop/view/E331691446?from=structured_dict&spread=filtersearch_p&ab=expclick-AJKERSHOUFANG_101_sortrand_desc&position=22&now_time=1492419410
惠丰新城昭园内滇纺产宿舍 4室 84m²^罗枝红^75^8928元/m²^84m²^^http://dali.anjuke.com/prop/view/E323332464?from=structured_dict&spread=filtersearch_p&ab=expclick-AJKERSHOUFANG_101_sortrand_desc&position=23&now_time=1492419410
开发区石化小区153㎡南北通透四房急卖^石化小区  [大理市-大理市 下关大理建材城]^85^5555元/m²^153m²^^http://dali.anjuke.com/prop/view/E325293446?from=structured_dict&spread=filtersearch_p&ab=expclick-AJKERSHOUFANG_101_sortrand_desc&position=24&now_time=1492419410
大理市三豪花园 4室2厅2卫 130㎡^三豪花园  [大理市-大理市 苍山路]^85^6538元/m²^130m²^^http://dali.anjuke.com/prop/view/E332045791?from=structured_dict&spread=filtersearch_p&ab=expclick-AJKERSHOUFANG_101_sortrand_desc&position=25&now_time=1492419410
大理市北区雪人路斜阳小区工行宿舍好房出售^何罗芬^80^7017元/m²^114m²^^http://dali.anjuke.com/prop/view/E328564932?from=structured_dict&spread=filtersearch_p&ab=expclick-AJKERSHOUFANG_101_sortrand_desc&position=26&now_time=1492419410
大理市建标华城海琴 4室2厅2卫 144.55㎡^建标华城海琴湾  [大理市-大理市 开发区]^72^4980元/m²^145m²^^http://dali.anjuke.com/prop/view/E330400070?from=structured_dict&spread=filtersearch_p&ab=expclick-AJKERSHOUFANG_101_sortrand_desc&position=27&now_time=1492419410
大理市三江雅苑 4室2厅2卫 140㎡^三江雅苑  [大理市-大理市 下关小花园]^80^5714元/m²^140m²^^http://dali.anjuke.com/prop/view/E329765693?from=structured_dict&spread=filtersearch_p&ab=expclick-AJKERSHOUFANG_101_sortrand_desc&position=28&now_time=1492419410
大理市河畔金色 4室2厅2卫 132㎡^河畔金色  [大理市-大理市 市中心]^95^7196元/m²^132m²^^http://dali.anjuke.com/prop/view/E321301309?from=structured_dict&spread=filtersearch_p&ab=expclick-AJKERSHOUFANG_101_sortrand_desc&position=29&now_time=1492419410
建标华城 68万 4室2厅2卫 毛坯好楼层好位置(双证齐全)^建标华城  [大理市-大理市 龙山办公区东侧]^68^4846元/m²^140m²^^http://dali.anjuke.com/prop/view/E326351826?from=structured_dict&spread=filtersearch_p&ab=expclick-AJKERSHOUFANG_101_sortrand_desc&position=30&now_time=1492419410
大理市双鸳花园 小 4室2厅2卫 119㎡^杨增禄^73^6134元/m²^119m²^^http://dali.anjuke.com/prop/view/E329848586?from=structured_dict&spread=filtersearch_p&ab=expclick-AJKERSHOUFANG_101_sortrand_desc&position=31&now_time=1492419410
精致端头四室 实用高效 轩敞设计 诚心出售^石化小区  [大理市-大理市 下关大理建材城]^77^6637元/m²^116m²^^http://dali.anjuke.com/prop/view/E331222850?from=structured_dict&spread=filtersearch_p&ab=expclick-AJKERSHOUFANG_101_sortrand_desc&position=32&now_time=1492419410
海东新城 新一手房^李翠新^60^4444元/m²^135m²^^http://dali.anjuke.com/prop/view/E332112305?from=structured_dict&spread=filtersearch_p&ab=expclick-AJKERSHOUFANG_101_sortrand_desc&position=33&now_time=1492419410
开发区三豪花园130㎡标准四房85万急卖^三豪花园  [大理市-大理市 苍山路]^85^6538元/m²^130m²^^http://dali.anjuke.com/prop/view/E327785117?from=structured_dict&spread=filtersearch_p&ab=expclick-AJKERSHOUFANG_101_sortrand_desc&position=34&now_time=1492419410
大理市海东新城市政府带队前往居住买到就是赚到^韩银江^88^4378元/m²^201m²^^http://dali.anjuke.com/prop/view/E331780333?from=structured_dict&spread=filtersearch_p&ab=expclick-AJKERSHOUFANG_101_sortrand_desc&position=35&now_time=1492419410
Y大理市文化路预备役 4室2厅2卫 120㎡^小杨^85^7083元/m²^120m²^^http://dali.anjuke.com/prop/view/E329921142?from=structured_dict&spread=filtersearch_p&ab=expclick-AJKERSHOUFANG_101_sortrand_desc&position=36&now_time=1492419410
市中心精装4房全明户型南北通透几面采光超高性价鸿泰花园^鸿泰花园  [大理市-大理市 建设路]^94^7580元/m²^124m²^^http://dali.anjuke.com/prop/view/E331292314?from=structured_dict&spread=filtersearch_p&ab=expclick-AJKERSHOUFANG_101_sortrand_desc&position=37&now_time=1492419410
大理新城海景花园洋房参与团购优惠多,海东城^李光翔^55^3956元/m²^139m²^^http://dali.anjuke.com/prop/view/E323339949?from=structured_dict&spread=filtersearch_p&ab=expclick-AJKERSHOUFANG_101_sortrand_desc&position=38&now_time=1492419410
大理市沧澜路工行宿 4室2厅2卫 110㎡^韩芳^78^7090元/m²^110m²^^http://dali.anjuke.com/prop/view/E320562798?from=structured_dict&spread=filtersearch_p&ab=expclick-AJKERSHOUFANG_101_sortrand_desc&position=39&now_time=1492419410
大理市新世纪花园 4室2厅2卫 160平米^自翠德^98^6125元/m²^160m²^^http://dali.anjuke.com/prop/view/H326405409?from=structured_dict&spread=filtersearch_p&ab=expclick-AJKERSHOUFANG_101_sortrand_desc&position=40&now_time=1492419410
大理市河畔金色 4室2厅2卫 132平^河畔金色  [大理市-大理市 市中心]^88^6666元/m²^132m²^^http://dali.anjuke.com/prop/view/E328517501?from=structured_dict&spread=filtersearch_p&ab=expclick-AJKERSHOUFANG_101_sortrand_desc&position=41&now_time=1492419410
大理市三豪花园 4室2厅2卫 133㎡^三豪花园  [大理市-大理市 苍山路]^85^6390元/m²^133m²^^http://dali.anjuke.com/prop/view/E329420611?from=structured_dict&spread=filtersearch_p&ab=expclick-AJKERSHOUFANG_101_sortrand_desc&position=42&now_time=1492419410
建标华城海琴 4室全新毛坯 超值出售^建标华城海琴湾  [大理市-大理市 开发区]^77^4556元/m²^169m²^^http://dali.anjuke.com/prop/view/E329401442?from=structured_dict&spread=filtersearch_p&ab=expclick-AJKERSHOUFANG_101_sortrand_desc&position=43&now_time=1492419410
市中心楼梯房子诚心出售;无税 格局好^鸿泰花园  [大理市-大理市 建设路]^93^7560元/m²^123m²^^http://dali.anjuke.com/prop/view/E327815805?from=structured_dict&spread=filtersearch_p&ab=expclick-AJKERSHOUFANG_101_sortrand_desc&position=44&now_time=1492419410
大理市斜阳小区工行 4室2厅 大户型 南北通风采光好业主诚心^何罗芬^80^7017元/m²^114m²^^http://dali.anjuke.com/prop/view/E330670182?from=structured_dict&spread=filtersearch_p&ab=expclick-AJKERSHOUFANG_101_sortrand_desc&position=45&now_time=1492419410
大理市外滩名著 4室2厅2卫 145㎡其它户型丰富 详情咨询^曾光^75^5172元/m²^145m²^^http://dali.anjuke.com/prop/view/E321489308?from=structured_dict&spread=filtersearch_p&ab=expclick-AJKERSHOUFANG_101_sortrand_desc&position=46&now_time=1492419410
大理市关平路质监局 4室2厅2卫 120㎡^刘娜^90^7500元/m²^120m²^^http://dali.anjuke.com/prop/view/E324282004?from=structured_dict&spread=filtersearch_p&ab=expclick-AJKERSHOUFANG_101_sortrand_desc&position=47&now_time=1492419410
大理市泰安路河畔金 4室2厅2卫 132㎡^泰安路河畔金色  [大理市-大理市 河畔金色]^88^6666元/m²^132m²^^http://dali.anjuke.com/prop/view/E324358185?from=structured_dict&spread=filtersearch_p&ab=expclick-AJKERSHOUFANG_101_sortrand_desc&position=48&now_time=1492419410
市中心楼梯房子诚心出售 无税^鸿泰花园  [大理市-大理市 建设路]^93^7560元/m²^123m²^^http://dali.anjuke.com/prop/view/E327814826?from=structured_dict&spread=filtersearch_p&ab=expclick-AJKERSHOUFANG_101_sortrand_desc&position=49&now_time=1492419410
天然气、直饮水直接入户海在公园外家在公园里海东城^白雄勉^86^4455元/m²^193m²^^http://dali.anjuke.com/prop/view/E330342313?from=structured_dict&spread=filtersearch_p&ab=expclick-AJKERSHOUFANG_101_sortrand_desc&position=50&now_time=1492419410
大理市双鸳花园 精装四居室 迁居急售86万^双鸳花园  [大理市-大理市 双鸳路]^86^6370元/m²^135m²^^http://dali.anjuke.com/prop/view/E327280900?from=structured_dict&spread=filtersearch_p&ab=expclick-AJKERSHOUFANG_101_sortrand_desc&position=51&now_time=1492419410
4室端头阳光房 大户型诚心出售^杨晓燕^70^7526元/m²^93m²^^http://dali.anjuke.com/prop/view/E328445492?from=structured_dict&spread=filtersearch_p&ab=expclick-AJKERSHOUFANG_101_sortrand_desc&position=52&now_time=1492419410
惠丰瑞城4室2卫正南北朝向花园中间位置^杨宗泉^98^6758元/m²^145m²^^http://dali.anjuke.com/prop/view/E331625827?from=structured_dict&spread=filtersearch_p&ab=expclick-AJKERSHOUFANG_101_sortrand_desc&position=53&now_time=1492419410
大理市河畔金色 4室2厅2卫 132㎡^河畔金色  [大理市-大理市 市中心]^92^6969元/m²^132m²^^http://dali.anjuke.com/prop/view/E329094327?from=structured_dict&spread=filtersearch_p&ab=expclick-AJKERSHOUFANG_101_sortrand_desc&position=54&now_time=1492419410
5200一平米 带装修 全城zui低价有眼光的人看来^罗红军^66^5196元/m²^127m²^^http://dali.anjuke.com/prop/view/E331885605?from=structured_dict&spread=filtersearch_p&ab=expclick-AJKERSHOUFANG_101_sortrand_desc&position=55&now_time=1492419410
建设路边鸿泰花园123.7㎡南北通透四房94万急卖^鸿泰花园  [大理市-大理市 建设路]^94^7599元/m²^124m²^^http://dali.anjuke.com/prop/view/E327785129?from=structured_dict&spread=filtersearch_p&ab=expclick-AJKERSHOUFANG_101_sortrand_desc&position=56&now_time=1492419410
快人一步先胜利30年海东新城^韩银江^95^471元/m²^2014m²^^http://dali.anjuke.com/prop/view/E331780336?from=structured_dict&spread=filtersearch_p&ab=expclick-AJKERSHOUFANG_101_sortrand_desc&position=57&now_time=1492419410
5200一平米 带装修 全城zui低价有眼光的人看来^罗红军^66^5196元/m²^127m²^^http://dali.anjuke.com/prop/view/E331885610?from=structured_dict&spread=filtersearch_p&ab=expclick-AJKERSHOUFANG_101_sortrand_desc&position=58&now_time=1492419410
西源小区四居室大错层出售,业主资金周转急售^李泽花^75^5319元/m²^141m²^^http://dali.anjuke.com/prop/view/E331629869?from=structured_dict&spread=filtersearch_p&ab=expclick-AJKERSHOUFANG_101_sortrand_desc&position=59&now_time=1492419410
^^^^^^
大理市龙园小区 4室2厅2卫 146㎡^龙园小区  [大理市-大理市 下关嘉士伯大道]^92^6301元/m²^146m²^^http://dali.anjuke.com/prop/view/E322079512?from=structured_dict&spread=filtersearch_p&ab=expclick-AJKERSHOUFANG_101_sortrand_desc&position=61&now_time=1492419413
大理市正阳时代广场 146平米 学区房91万 急售^正阳时代广场  [大理市-大理市 正阳时代广场]^91^6232元/m²^146m²^^http://dali.anjuke.com/prop/view/E320801853?from=structured_dict&spread=filtersearch_p&ab=expclick-AJKERSHOUFANG_101_sortrand_desc&position=62&now_time=1492419413
大理市建标华城海琴 4室2厅2卫 144.55㎡^建标华城海琴湾  [大理市-大理市 开发区]^65^4496元/m²^145m²^^http://dali.anjuke.com/prop/view/E327937527?from=structured_dict&spread=filtersearch_p&ab=expclick-AJKERSHOUFANG_101_sortrand_desc&position=63&now_time=1492419413
大理市三江雅苑 4室2厅2卫 144㎡^三江雅苑  [大理市-大理市 下关小花园]^80^5555元/m²^144m²^^http://dali.anjuke.com/prop/view/E323335692?from=structured_dict&spread=filtersearch_p&ab=expclick-AJKERSHOUFANG_101_sortrand_desc&position=64&now_time=1492419413
大理市国税局宿舍 4室2厅2卫 125㎡^国税局宿舍  [大理市-大理市 兴国路]^72^5760元/m²^125m²^^http://dali.anjuke.com/prop/view/E326972677?from=structured_dict&spread=filtersearch_p&ab=expclick-AJKERSHOUFANG_101_sortrand_desc&position=65&now_time=1492419413
大理市海东城联排别4室2厅3卫220㎡^李涛^96^4363元/m²^220m²^^http://dali.anjuke.com/prop/view/E326573048?from=structured_dict&spread=filtersearch_p&ab=expclick-AJKERSHOUFANG_101_sortrand_desc&position=66&now_time=1492419413
大理市三豪花园 4室2厅2卫 130㎡^三豪花园  [大理市-大理市 苍山路]^85^6538元/m²^130m²^^http://dali.anjuke.com/prop/view/E332049442?from=structured_dict&spread=filtersearch_p&ab=expclick-AJKERSHOUFANG_101_sortrand_desc&position=67&now_time=1492419413
大理市三江雅苑 4室2厅2卫 140㎡^三江雅苑  [大理市-大理市 下关小花园]^80^5714元/m²^140m²^^http://dali.anjuke.com/prop/view/E331155555?from=structured_dict&spread=filtersearch_p&ab=expclick-AJKERSHOUFANG_101_sortrand_desc&position=68&now_time=1492419413
海东新城 4室 155m²，免中介*^罗枝红^61^3903元/m²^155m²^^http://dali.anjuke.com/prop/view/E325492524?from=structured_dict&spread=filtersearch_p&ab=expclick-AJKERSHOUFANG_101_sortrand_desc&position=69&now_time=1492419413
海东城叠加别墅 现有10套 有可看海的 优惠大^韩银江^89^4427元/m²^201m²^^http://dali.anjuke.com/prop/view/E331780334?from=structured_dict&spread=filtersearch_p&ab=expclick-AJKERSHOUFANG_101_sortrand_desc&position=70&now_time=1492419413
大理市南地观天下 4室2厅2卫 127㎡^南地观天下  [大理市-大理市 开发区]^63^4960元/m²^127m²^^http://dali.anjuke.com/prop/view/E330602044?from=structured_dict&spread=filtersearch_p&ab=expclick-AJKERSHOUFANG_101_sortrand_desc&position=71&now_time=1492419413
鑫源小区 火车站附近 小高层 精装修 房东诚心出售^鑫源小区  [大理市-大理市 大理火车站旁]^87^6575元/m²^132m²^^http://dali.anjuke.com/prop/view/E330945948?from=structured_dict&spread=filtersearch_p&ab=expclick-AJKERSHOUFANG_101_sortrand_desc&position=72&now_time=1492419413
大理市海东城联排别4室2厅3卫220㎡^李涛^96^4363元/m²^220m²^^http://dali.anjuke.com/prop/view/E326310104?from=structured_dict&spread=filtersearch_p&ab=expclick-AJKERSHOUFANG_101_sortrand_desc&position=73&now_time=1492419413
海东新城天然气入户自来水直引四所大学六所高中配^小赵^62^3974元/m²^156m²^^http://dali.anjuke.com/prop/view/E330338380?from=structured_dict&spread=filtersearch_p&ab=expclick-AJKERSHOUFANG_101_sortrand_desc&position=74&now_time=1492419413
大理市建标华城海琴 4室2厅2卫 144㎡^建标华城海琴湾  [大理市-大理市 开发区]^75^5208元/m²^144m²^^http://dali.anjuke.com/prop/view/E328793317?from=structured_dict&spread=filtersearch_p&ab=expclick-AJKERSHOUFANG_101_sortrand_desc&position=75&now_time=1492419413
惠丰新城昭园内滇纺产宿舍 4室 84m²^罗枝红^75^8928元/m²^84m²^^http://dali.anjuke.com/prop/view/E325492525?from=structured_dict&spread=filtersearch_p&ab=expclick-AJKERSHOUFANG_101_sortrand_desc&position=76&now_time=1492419413
河畔金色四室二厅海景房仅95万^河畔金色  [大理市-大理市 市中心]^95^7164元/m²^133m²^^http://dali.anjuke.com/prop/view/E329312051?from=structured_dict&spread=filtersearch_p&ab=expclick-AJKERSHOUFANG_101_sortrand_desc&position=77&now_time=1492419413
惠丰新城昭园内滇纺产宿舍 4室 84m²^罗枝红^75^8928元/m²^84m²^^http://dali.anjuke.com/prop/view/E325492522?from=structured_dict&spread=filtersearch_p&ab=expclick-AJKERSHOUFANG_101_sortrand_desc&position=78&now_time=1492419413
大理市海东新城4室2厅2卫190㎡^字文桦^74^3894元/m²^190m²^^http://dali.anjuke.com/prop/view/E325916876?from=structured_dict&spread=filtersearch_p&ab=expclick-AJKERSHOUFANG_101_sortrand_desc&position=79&now_time=1492419413
大理市颐和居 4室2厅2卫 130㎡^颐和居  [大理市-大理市 双鸳路]^95^7307元/m²^130m²^^http://dali.anjuke.com/prop/view/E329789477?from=structured_dict&spread=filtersearch_p&ab=expclick-AJKERSHOUFANG_101_sortrand_desc&position=80&now_time=1492419413
大理市正阳时代广场 4室2厅2卫 126㎡^正阳时代广场  [大理市-大理市 正阳时代广场]^86^6825元/m²^126m²^^http://dali.anjuke.com/prop/view/E320887387?from=structured_dict&spread=filtersearch_p&ab=expclick-AJKERSHOUFANG_101_sortrand_desc&position=81&now_time=1492419413
三豪花园 dda大4房130㎡南北朝向 带家具^三豪花园  [大理市-大理市 苍山路]^80^6153元/m²^130m²^^http://dali.anjuke.com/prop/view/E326837974?from=structured_dict&spread=filtersearch_p&ab=expclick-AJKERSHOUFANG_101_sortrand_desc&position=82&now_time=1492419413
惠丰瑞城楼层好采光佳^杨建龙^99^7643元/m²^129m²^^http://dali.anjuke.com/prop/view/E329625697?from=structured_dict&spread=filtersearch_p&ab=expclick-AJKERSHOUFANG_101_sortrand_desc&position=83&now_time=1492419413
宾川鑫盛小区 超值房源^张先生^56^3010元/m²^186m²^^http://dali.anjuke.com/prop/view/H329342061?from=structured_dict&spread=filtersearch_p&ab=expclick-AJKERSHOUFANG_101_sortrand_desc&position=84&now_time=1492419413
山水丽都 4室2厅2卫^武某^98^6901元/m²^142m²^^http://dali.anjuke.com/prop/view/H331326228?from=structured_dict&spread=filtersearch_p&ab=expclick-AJKERSHOUFANG_101_sortrand_desc&position=85&now_time=1492419413
六中旁学区房^李伟^86^6615元/m²^130m²^^http://dali.anjuke.com/prop/view/E329280317?from=structured_dict&spread=filtersearch_p&ab=expclick-AJKERSHOUFANG_101_sortrand_desc&position=86&now_time=1492419413
大理市海东新城156㎡四房仅售66万^应红旺^66^4230元/m²^156m²^^http://dali.anjuke.com/prop/view/E331154906?from=structured_dict&spread=filtersearch_p&ab=expclick-AJKERSHOUFANG_101_sortrand_desc&position=87&now_time=1492419413
大理市三江雅苑 4室2厅2卫 140㎡^三江雅苑  [大理市-大理市 下关小花园]^78^5571元/m²^140m²^^http://dali.anjuke.com/prop/view/E328401161?from=structured_dict&spread=filtersearch_p&ab=expclick-AJKERSHOUFANG_101_sortrand_desc&position=88&now_time=1492419413
山水丽都 4室 143m²跃层 房东诚心出售^安新^98^6853元/m²^143m²^^http://dali.anjuke.com/prop/view/E325728094?from=structured_dict&spread=filtersearch_p&ab=expclick-AJKERSHOUFANG_101_sortrand_desc&position=89&now_time=1492419413
河畔金色4室2厅2卫132平米海景房低价抛65.6万！^河畔金色  [大理市-大理市 市中心]^66^4969元/m²^132m²^^http://dali.anjuke.com/prop/view/E325578207?from=structured_dict&spread=filtersearch_p&ab=expclick-AJKERSHOUFANG_101_sortrand_desc&position=90&now_time=1492419413
建标华城 4室(小高层双证齐全*)140㎡房东急售^建标华城  [大理市-大理市 龙山办公区东侧]^68^4857元/m²^140m²^^http://dali.anjuke.com/prop/view/E331196889?from=structured_dict&spread=filtersearch_p&ab=expclick-AJKERSHOUFANG_101_sortrand_desc&position=91&now_time=1492419413
100多万的别墅 大理也没有多少了 赶紧赶快^大理公馆  [大理市-大理市 不可错过的好房]^96^4776元/m²^201m²^^http://dali.anjuke.com/prop/view/E331790180?from=structured_dict&spread=filtersearch_p&ab=expclick-AJKERSHOUFANG_101_sortrand_desc&position=92&now_time=1492419413
大理市龙溪苑 4室2厅1卫 136㎡^龙溪苑  [大理市-大理市 龙溪路水果批发市场对面]^80^5882元/m²^136m²^^http://dali.anjuke.com/prop/view/E328387213?from=structured_dict&spread=filtersearch_p&ab=expclick-AJKERSHOUFANG_101_sortrand_desc&position=93&now_time=1492419413
大理市自由派 4室2厅2卫 89㎡^罗清^59^6629元/m²^89m²^^http://dali.anjuke.com/prop/view/E320624005?from=structured_dict&spread=filtersearch_p&ab=expclick-AJKERSHOUFANG_101_sortrand_desc&position=94&now_time=1492419413
大理市南帝观天下4室2厅2卫130平米全新毛坯低价急售^南帝观天下  [大理市-大理市 巍山路与沧浪路口]^64^5000元/m²^128m²^^http://dali.anjuke.com/prop/view/E326076558?from=structured_dict&spread=filtersearch_p&ab=expclick-AJKERSHOUFANG_101_sortrand_desc&position=95&now_time=1492419413
大理市惠丰瑞城 4室2厅2卫 129㎡^李师^98^7596元/m²^129m²^^http://dali.anjuke.com/prop/view/E325716783?from=structured_dict&spread=filtersearch_p&ab=expclick-AJKERSHOUFANG_101_sortrand_desc&position=96&now_time=1492419413
大理市万花路教师公 4室2厅2卫 90㎡^万花路教师公寓  [大理市-大理市 万花路教师公寓]^84^9333元/m²^90m²^^http://dali.anjuke.com/prop/view/E323336728?from=structured_dict&spread=filtersearch_p&ab=expclick-AJKERSHOUFANG_101_sortrand_desc&position=97&now_time=1492419413
大理市南帝观天下 4室2厅2卫 126㎡ 低价出售^南帝观天下  [大理市-大理市 巍山路与沧浪路口]^63^5000元/m²^126m²^^http://dali.anjuke.com/prop/view/E326187695?from=structured_dict&spread=filtersearch_p&ab=expclick-AJKERSHOUFANG_101_sortrand_desc&position=98&now_time=1492419413
海东新城 4室 150m²^阿朝伟^60^4000元/m²^150m²^^http://dali.anjuke.com/prop/view/E324462512?from=structured_dict&spread=filtersearch_p&ab=expclick-AJKERSHOUFANG_101_sortrand_desc&position=99&now_time=1492419413
(出售) 海东新城 天然气入户自来水直引 四所大学六所高中配^阿志翔^70^4516元/m²^155m²^^http://dali.anjuke.com/prop/view/E330628590?from=structured_dict&spread=filtersearch_p&ab=expclick-AJKERSHOUFANG_101_sortrand_desc&position=100&now_time=1492419413
大理市鸿泰花园 4室2厅2卫 123㎡^鸿泰花园  [大理市-大理市 建设路]^96^7804元/m²^123m²^^http://dali.anjuke.com/prop/view/E329794675?from=structured_dict&spread=filtersearch_p&ab=expclick-AJKERSHOUFANG_101_sortrand_desc&position=101&now_time=1492419413
下关市区 85万购下关四室二厅的的楼梯房已满二年^石化小区  [大理市-大理市 下关大理建材城]^85^5555元/m²^153m²^^http://dali.anjuke.com/prop/view/E330031699?from=structured_dict&spread=filtersearch_p&ab=expclick-AJKERSHOUFANG_101_sortrand_desc&position=102&now_time=1492419413
大理市海东新城未来CBD一手无税花园别墅带花园露台^左左^86^4479元/m²^192m²^^http://dali.anjuke.com/prop/view/E329947889?from=structured_dict&spread=filtersearch_p&ab=expclick-AJKERSHOUFANG_101_sortrand_desc&position=103&now_time=1492419413
天然气、直饮水直接入户海在公园外家在公园里海东城^小田^98^5077元/m²^193m²^^http://dali.anjuke.com/prop/view/E320573220?from=structured_dict&spread=filtersearch_p&ab=expclick-AJKERSHOUFANG_101_sortrand_desc&position=104&now_time=1492419413
大理市建标华城海琴 4室2厅2卫 144㎡^建标华城海琴湾  [大理市-大理市 开发区]^63^4375元/m²^144m²^^http://dali.anjuke.com/prop/view/E331945820?from=structured_dict&spread=filtersearch_p&ab=expclick-AJKERSHOUFANG_101_sortrand_desc&position=105&now_time=1492419413
大理市三豪花园 4室2厅2卫 130㎡^三豪花园  [大理市-大理市 苍山路]^85^6538元/m²^130m²^^http://dali.anjuke.com/prop/view/E332047525?from=structured_dict&spread=filtersearch_p&ab=expclick-AJKERSHOUFANG_101_sortrand_desc&position=106&now_time=1492419413
出售) 大理市双鸳花园^双鸳花园  [大理市-大理市 双鸳路]^83^6148元/m²^135m²^^http://dali.anjuke.com/prop/view/E323968700?from=structured_dict&spread=filtersearch_p&ab=expclick-AJKERSHOUFANG_101_sortrand_desc&position=107&now_time=1492419413
沃尔玛附近 端头房 装修清爽 房东诚心出售^正阳时代广场  [大理市-大理市 正阳时代广场]^92^6301元/m²^146m²^^http://dali.anjuke.com/prop/view/E329657000?from=structured_dict&spread=filtersearch_p&ab=expclick-AJKERSHOUFANG_101_sortrand_desc&position=108&now_time=1492419413
大理市河畔金色4室2厅2卫132.3平^河畔金色  [大理市-大理市 市中心]^85^6424元/m²^132m²^^http://dali.anjuke.com/prop/view/E324360272?from=structured_dict&spread=filtersearch_p&ab=expclick-AJKERSHOUFANG_101_sortrand_desc&position=109&now_time=1492419413
大理市三江雅苑 4室2厅2卫 140㎡^三江雅苑  [大理市-大理市 下关小花园]^80^5714元/m²^140m²^^http://dali.anjuke.com/prop/view/E322624567?from=structured_dict&spread=filtersearch_p&ab=expclick-AJKERSHOUFANG_101_sortrand_desc&position=110&now_time=1492419413
大理市教师公寓 4室2厅2卫 90㎡实际面积130平米85万^教师公寓  [大理市-大理市 万花路下关一中斜对面]^85^9444元/m²^90m²^^http://dali.anjuke.com/prop/view/E323000018?from=structured_dict&spread=filtersearch_p&ab=expclick-AJKERSHOUFANG_101_sortrand_desc&position=111&now_time=1492419413
天然气、直饮水直接入户海在公园外家在公园里海东城^小田^98^5077元/m²^193m²^^http://dali.anjuke.com/prop/view/E322894587?from=structured_dict&spread=filtersearch_p&ab=expclick-AJKERSHOUFANG_101_sortrand_desc&position=112&now_time=1492419413
兴盛路兴盛小区 错层满2年诚心出售^彭春慧^88^6534元/m²^135m²^^http://dali.anjuke.com/prop/view/E326418462?from=structured_dict&spread=filtersearch_p&ab=expclick-AJKERSHOUFANG_101_sortrand_desc&position=113&now_time=1492419413
西屏路锦兴福园 127㎡带装修满两年四房仅售66万^应红旺^66^5196元/m²^127m²^^http://dali.anjuke.com/prop/view/E331178699?from=structured_dict&spread=filtersearch_p&ab=expclick-AJKERSHOUFANG_101_sortrand_desc&position=114&now_time=1492419413
大理市南地观天下 4室2厅2卫 127㎡^南地观天下  [大理市-大理市 开发区]^63^4960元/m²^127m²^^http://dali.anjuke.com/prop/view/E331035998?from=structured_dict&spread=filtersearch_p&ab=expclick-AJKERSHOUFANG_101_sortrand_desc&position=115&now_time=1492419413
兴盛路兴盛小区 错层满2年诚心出售^李灼文^88^6567元/m²^134m²^^http://dali.anjuke.com/prop/view/E329656972?from=structured_dict&spread=filtersearch_p&ab=expclick-AJKERSHOUFANG_101_sortrand_desc&position=116&now_time=1492419413
大理市龙园小区 4室2厅2卫 146㎡^龙园小区  [大理市-大理市 下关嘉士伯大道]^92^6301元/m²^146m²^^http://dali.anjuke.com/prop/view/E321300507?from=structured_dict&spread=filtersearch_p&ab=expclick-AJKERSHOUFANG_101_sortrand_desc&position=117&now_time=1492419413
市中心楼梯房子诚心出售;小区环境好^鸿泰花园  [大理市-大理市 建设路]^93^7560元/m²^123m²^^http://dali.anjuke.com/prop/view/E327815325?from=structured_dict&spread=filtersearch_p&ab=expclick-AJKERSHOUFANG_101_sortrand_desc&position=118&now_time=1492419413
^^^^^^
大理市三豪花园 4室2厅2卫 130㎡^三豪花园  [大理市-大理市 苍山路]^85^6538元/m²^130m²^^http://dali.anjuke.com/prop/view/E328875883?from=structured_dict&spread=filtersearch_p&ab=expclick-AJKERSHOUFANG_101_sortrand_desc&position=121&now_time=1492419416
大理市新里程 4室2厅2卫 170㎡^新里程  [大理市-大理市 城北区万花路上段]^99^5823元/m²^170m²^^http://dali.anjuke.com/prop/view/E320201317?from=structured_dict&spread=filtersearch_p&ab=expclick-AJKERSHOUFANG_101_sortrand_desc&position=122&now_time=1492419416
海东新城 特价房特价房 找我才有的优惠不信你自己去^杨银双^62^4000元/m²^155m²^^http://dali.anjuke.com/prop/view/E330302592?from=structured_dict&spread=filtersearch_p&ab=expclick-AJKERSHOUFANG_101_sortrand_desc&position=123&now_time=1492419416
大理市金牛小区4室2厅2卫128.5平米精装修急急急急了^金牛小区  [大理市-大理市 客运东站旁]^70^5447元/m²^129m²^^http://dali.anjuke.com/prop/view/E321828855?from=structured_dict&spread=filtersearch_p&ab=expclick-AJKERSHOUFANG_101_sortrand_desc&position=124&now_time=1492419416
大理市惠丰瑞城 4室2厅2卫 128.23㎡^小葵^98^7642元/m²^128m²^^http://dali.anjuke.com/prop/view/E330649194?from=structured_dict&spread=filtersearch_p&ab=expclick-AJKERSHOUFANG_101_sortrand_desc&position=125&now_time=1492419416
大理下关 南地观天下 4室2厅2卫 低价出售^南地观天下  [大理市-大理市 开发区]^63^5121元/m²^123m²^^http://dali.anjuke.com/prop/view/E328063633?from=structured_dict&spread=filtersearch_p&ab=expclick-AJKERSHOUFANG_101_sortrand_desc&position=126&now_time=1492419416
大理市南地观天下 4室2厅2卫 127㎡^南地观天下  [大理市-大理市 开发区]^65^5118元/m²^127m²^^http://dali.anjuke.com/prop/view/E331020275?from=structured_dict&spread=filtersearch_p&ab=expclick-AJKERSHOUFANG_101_sortrand_desc&position=127&now_time=1492419416
大理市海东新城 4室2厅2卫 190㎡^杨利^74^3894元/m²^190m²^^http://dali.anjuke.com/prop/view/E325703809?from=structured_dict&spread=filtersearch_p&ab=expclick-AJKERSHOUFANG_101_sortrand_desc&position=128&now_time=1492419416
(出售) 大理市有色地质园^有色地质园  [大理市-大理市 开发区]^80^5517元/m²^145m²^^http://dali.anjuke.com/prop/view/E323968702?from=structured_dict&spread=filtersearch_p&ab=expclick-AJKERSHOUFANG_101_sortrand_desc&position=129&now_time=1492419416
惠丰瑞城楼层好采光佳^杨建龙^99^7658元/m²^129m²^^http://dali.anjuke.com/prop/view/E329970419?from=structured_dict&spread=filtersearch_p&ab=expclick-AJKERSHOUFANG_101_sortrand_desc&position=130&now_time=1492419416
带车位 康顺园 4室2厅2卫 136㎡ 92万^毛晓雪^92^6764元/m²^136m²^^http://dali.anjuke.com/prop/view/E328232103?from=structured_dict&spread=filtersearch_p&ab=expclick-AJKERSHOUFANG_101_sortrand_desc&position=131&now_time=1492419416
大理市 大理海东新城 4室 2厅 2卫 157平米^李先生^55^3503元/m²^157m²^^http://dali.anjuke.com/prop/view/H327547130?from=structured_dict&spread=filtersearch_p&ab=expclick-AJKERSHOUFANG_101_sortrand_desc&position=132&now_time=1492419416
龙溪路边116㎡南北通透满两年单位房84万急卖^龙溪路  [大理市-大理市 龙溪路56号]^84^7241元/m²^116m²^^http://dali.anjuke.com/prop/view/E331908815?from=structured_dict&spread=filtersearch_p&ab=expclick-AJKERSHOUFANG_101_sortrand_desc&position=133&now_time=1492419416
河畔金色一套值得你一生拥有的房子红本在手无营业税^河畔金色  [大理市-大理市 市中心]^83^6240元/m²^133m²^^http://dali.anjuke.com/prop/view/E322904575?from=structured_dict&spread=filtersearch_p&ab=expclick-AJKERSHOUFANG_101_sortrand_desc&position=134&now_time=1492419416
大理市三豪花园 4室2厅2卫 130㎡^三豪花园  [大理市-大理市 苍山路]^85^6538元/m²^130m²^^http://dali.anjuke.com/prop/view/E328965186?from=structured_dict&spread=filtersearch_p&ab=expclick-AJKERSHOUFANG_101_sortrand_desc&position=135&now_time=1492419416
市区正阳时代广场4室学区房147㎡好房急售89万^正阳时代广场  [大理市-大理市 正阳时代广场]^89^6223元/m²^143m²^^http://dali.anjuke.com/prop/view/E322562710?from=structured_dict&spread=filtersearch_p&ab=expclick-AJKERSHOUFANG_101_sortrand_desc&position=136&now_time=1492419416
大理市三豪花园 4室2厅2卫 130㎡^三豪花园  [大理市-大理市 苍山路]^85^6538元/m²^130m²^^http://dali.anjuke.com/prop/view/E332049348?from=structured_dict&spread=filtersearch_p&ab=expclick-AJKERSHOUFANG_101_sortrand_desc&position=137&now_time=1492419416
大理市海东新城市政府带队前往居住买到就是赚到^李涛^98^4875元/m²^201m²^^http://dali.anjuke.com/prop/view/E330276061?from=structured_dict&spread=filtersearch_p&ab=expclick-AJKERSHOUFANG_101_sortrand_desc&position=138&now_time=1492419416
大理市建标华城.海 4室2厅2卫 144㎡^余跃辉^72^5000元/m²^144m²^^http://dali.anjuke.com/prop/view/E331606037?from=structured_dict&spread=filtersearch_p&ab=expclick-AJKERSHOUFANG_101_sortrand_desc&position=139&now_time=1492419416
市中心精装4房全明户型南北通透几面采光超高性价鸿泰花园^鸿泰花园  [大理市-大理市 建设路]^94^7580元/m²^124m²^^http://dali.anjuke.com/prop/view/E328111918?from=structured_dict&spread=filtersearch_p&ab=expclick-AJKERSHOUFANG_101_sortrand_desc&position=140&now_time=1492419416
大理市海东新城新房便宜急售^黄寅^76^4750元/m²^160m²^^http://dali.anjuke.com/prop/view/E328451510?from=structured_dict&spread=filtersearch_p&ab=expclick-AJKERSHOUFANG_101_sortrand_desc&position=141&now_time=1492419416
大理市锦兴福园 4室2厅2卫 127㎡^杨宝柱^66^5196元/m²^127m²^^http://dali.anjuke.com/prop/view/E331785596?from=structured_dict&spread=filtersearch_p&ab=expclick-AJKERSHOUFANG_101_sortrand_desc&position=142&now_time=1492419416
审计局宿舍4室2厅2卫1阳台94.88㎡^审计局宿舍  [大理市-大理市 下关开发区明珠广场旁]^68^7166元/m²^95m²^^http://dali.anjuke.com/prop/view/E320812750?from=structured_dict&spread=filtersearch_p&ab=expclick-AJKERSHOUFANG_101_sortrand_desc&position=143&now_time=1492419416
海东新城4室2厅2卫^高金鑫^70^4487元/m²^156m²^^http://dali.anjuke.com/prop/view/E331482551?from=structured_dict&spread=filtersearch_p&ab=expclick-AJKERSHOUFANG_101_sortrand_desc&position=144&now_time=1492419416
大理市海东城联排别4室2厅3卫220㎡^李涛^96^4363元/m²^220m²^^http://dali.anjuke.com/prop/view/E326573100?from=structured_dict&spread=filtersearch_p&ab=expclick-AJKERSHOUFANG_101_sortrand_desc&position=145&now_time=1492419416
大理市河畔金色 4室2厅2卫 132㎡^河畔金色  [大理市-大理市 市中心]^90^6818元/m²^132m²^^http://dali.anjuke.com/prop/view/E320371272?from=structured_dict&spread=filtersearch_p&ab=expclick-AJKERSHOUFANG_101_sortrand_desc&position=146&now_time=1492419416
大理市东站旁边4400元/平米急急急急^潘玉宝^62^4335元/m²^143m²^^http://dali.anjuke.com/prop/view/E329369933?from=structured_dict&spread=filtersearch_p&ab=expclick-AJKERSHOUFANG_101_sortrand_desc&position=147&now_time=1492419416
正阳时代广场 四居室学区房92万 满2年出售可贷款^正阳时代广场  [大理市-大理市 正阳时代广场]^92^6301元/m²^146m²^^http://dali.anjuke.com/prop/view/E321176431?from=structured_dict&spread=filtersearch_p&ab=expclick-AJKERSHOUFANG_101_sortrand_desc&position=148&now_time=1492419416
大理市海东城打造全新大理未来市区,海在公园外家在公园里^李光翔^57^4100元/m²^139m²^^http://dali.anjuke.com/prop/view/E323339950?from=structured_dict&spread=filtersearch_p&ab=expclick-AJKERSHOUFANG_101_sortrand_desc&position=149&now_time=1492419416
大理市康顺苑 4室2厅2卫 精装修带车位95万^彭春慧^95^6985元/m²^136m²^^http://dali.anjuke.com/prop/view/E330024014?from=structured_dict&spread=filtersearch_p&ab=expclick-AJKERSHOUFANG_101_sortrand_desc&position=150&now_time=1492419416
大理市海东新城新房便宜急售^黄寅^76^4750元/m²^160m²^^http://dali.anjuke.com/prop/view/E328451446?from=structured_dict&spread=filtersearch_p&ab=expclick-AJKERSHOUFANG_101_sortrand_desc&position=151&now_time=1492419416
大理市海东新城 低价位 空间大 *别样生活^李灼文^62^3974元/m²^156m²^^http://dali.anjuke.com/prop/view/E329656895?from=structured_dict&spread=filtersearch_p&ab=expclick-AJKERSHOUFANG_101_sortrand_desc&position=152&now_time=1492419416
海东新城 4室 155m² 低阶团购3888元/平米^彭春慧^65^4193元/m²^155m²^^http://dali.anjuke.com/prop/view/E320223641?from=structured_dict&spread=filtersearch_p&ab=expclick-AJKERSHOUFANG_101_sortrand_desc&position=153&now_time=1492419416
大理市海东城联排别4室2厅3卫220㎡^李涛^96^4363元/m²^220m²^^http://dali.anjuke.com/prop/view/E330275629?from=structured_dict&spread=filtersearch_p&ab=expclick-AJKERSHOUFANG_101_sortrand_desc&position=154&now_time=1492419416
市中心楼梯房子诚心出售;里面停车方便;绿化面积大^鸿泰花园  [大理市-大理市 建设路]^93^7560元/m²^123m²^^http://dali.anjuke.com/prop/view/E328565292?from=structured_dict&spread=filtersearch_p&ab=expclick-AJKERSHOUFANG_101_sortrand_desc&position=155&now_time=1492419416
双鸳花园位于双鸳路珠海都市花园旁小区环境优美^双鸳花园  [大理市-大理市 双鸳路]^88^6518元/m²^135m²^^http://dali.anjuke.com/prop/view/E329461230?from=structured_dict&spread=filtersearch_p&ab=expclick-AJKERSHOUFANG_101_sortrand_desc&position=156&now_time=1492419416
大理市海东新城未来CBD一手无税花园别墅带花园露台^左左^86^4479元/m²^192m²^^http://dali.anjuke.com/prop/view/E326478221?from=structured_dict&spread=filtersearch_p&ab=expclick-AJKERSHOUFANG_101_sortrand_desc&position=157&now_time=1492419416
大理市海东新城市政府带队前往居住买到就是赚到^左左^98^4875元/m²^201m²^^http://dali.anjuke.com/prop/view/E329948288?from=structured_dict&spread=filtersearch_p&ab=expclick-AJKERSHOUFANG_101_sortrand_desc&position=158&now_time=1492419416
大理市三江雅苑 4室2厅2卫 140㎡^三江雅苑  [大理市-大理市 下关小花园]^80^5714元/m²^140m²^^http://dali.anjuke.com/prop/view/E332046316?from=structured_dict&spread=filtersearch_p&ab=expclick-AJKERSHOUFANG_101_sortrand_desc&position=159&now_time=1492419416
到大理就去大理海东新城买房^彭春慧^62^3974元/m²^156m²^^http://dali.anjuke.com/prop/view/E323384021?from=structured_dict&spread=filtersearch_p&ab=expclick-AJKERSHOUFANG_101_sortrand_desc&position=160&now_time=1492419416
天然气、直饮水直接入户海在公园外家在公园里海东城^小田^98^5077元/m²^193m²^^http://dali.anjuke.com/prop/view/E325261946?from=structured_dict&spread=filtersearch_p&ab=expclick-AJKERSHOUFANG_101_sortrand_desc&position=161&now_time=1492419416
大理市 建标华城 4室 2厅 2卫 169.46平米^建标华城海琴湾  [大理市-大理市 开发区]^100^5901元/m²^169m²^^http://dali.anjuke.com/prop/view/E331362060?from=structured_dict&spread=filtersearch_p&ab=expclick-AJKERSHOUFANG_101_sortrand_desc&position=162&now_time=1492419416
大理市华韵蓝山 4室2厅2卫 135㎡^绸小龙^100^7407元/m²^135m²^^http://dali.anjuke.com/prop/view/E330327952?from=structured_dict&spread=filtersearch_p&ab=expclick-AJKERSHOUFANG_101_sortrand_desc&position=163&now_time=1492419416
海东城上叠加 *排 可看海 价格公道^韩银江^91^4354元/m²^209m²^^http://dali.anjuke.com/prop/view/E331775059?from=structured_dict&spread=filtersearch_p&ab=expclick-AJKERSHOUFANG_101_sortrand_desc&position=164&now_time=1492419416
大理市建标华城海琴 4室2厅2卫 144.55㎡^建标华城海琴湾  [大理市-大理市 开发区]^72^4980元/m²^145m²^^http://dali.anjuke.com/prop/view/E325698524?from=structured_dict&spread=filtersearch_p&ab=expclick-AJKERSHOUFANG_101_sortrand_desc&position=165&now_time=1492419416
海东城 4室2厅2卫 ，156㎡，61万^李女士^61^3910元/m²^156m²^^http://dali.anjuke.com/prop/view/H321672651?from=structured_dict&spread=filtersearch_p&ab=expclick-AJKERSHOUFANG_101_sortrand_desc&position=166&now_time=1492419416
大理市三豪花园 黄金楼层 小区环境优美 精装楼梯房^三豪花园  [大理市-大理市 苍山路]^86^6615元/m²^130m²^^http://dali.anjuke.com/prop/view/E330577974?from=structured_dict&spread=filtersearch_p&ab=expclick-AJKERSHOUFANG_101_sortrand_desc&position=167&now_time=1492419416
大理市市政府旁海东新城 4室2厅2卫 159.35㎡特价销售^字伟江^66^4154元/m²^159m²^^http://dali.anjuke.com/prop/view/E331887109?from=structured_dict&spread=filtersearch_p&ab=expclick-AJKERSHOUFANG_101_sortrand_desc&position=168&now_time=1492419416
惠丰新城昭园内滇纺产宿舍 4室 84m²^罗枝红^75^8928元/m²^84m²^^http://dali.anjuke.com/prop/view/E325173519?from=structured_dict&spread=filtersearch_p&ab=expclick-AJKERSHOUFANG_101_sortrand_desc&position=169&now_time=1492419416
正阳时代广场 4室 146m²^李泽花^88^6027元/m²^146m²^^http://dali.anjuke.com/prop/view/E326832004?from=structured_dict&spread=filtersearch_p&ab=expclick-AJKERSHOUFANG_101_sortrand_desc&position=170&now_time=1492419416
大理市海东新城市政府带队前往居住买到就是赚到^韩银江^89^4427元/m²^201m²^^http://dali.anjuke.com/prop/view/E331780335?from=structured_dict&spread=filtersearch_p&ab=expclick-AJKERSHOUFANG_101_sortrand_desc&position=171&now_time=1492419416
一层,二层独立露台设计徜徉阳光中;错落式花园入院,起伏有致^李光翔^64^3107元/m²^205m²^^http://dali.anjuke.com/prop/view/E323339938?from=structured_dict&spread=filtersearch_p&ab=expclick-AJKERSHOUFANG_101_sortrand_desc&position=172&now_time=1492419416
建标华城海琴湾 你值得拥有^建标华城海琴湾  [大理市-大理市 开发区]^55^4508元/m²^122m²^^http://dali.anjuke.com/prop/view/E327275528?from=structured_dict&spread=filtersearch_p&ab=expclick-AJKERSHOUFANG_101_sortrand_desc&position=173&now_time=1492419416
开发区天使小区 2楼 东西向 停车方便 精装^天使小区  [大理市-大理市 下关开发区西屏路育才小学旁]^62^5636元/m²^110m²^^http://dali.anjuke.com/prop/view/E329081530?from=structured_dict&spread=filtersearch_p&ab=expclick-AJKERSHOUFANG_101_sortrand_desc&position=174&now_time=1492419416
大理市南地观天下 4室2厅2卫 114㎡^南地观天下  [大理市-大理市 开发区]^80^7017元/m²^114m²^^http://dali.anjuke.com/prop/view/E324638392?from=structured_dict&spread=filtersearch_p&ab=expclick-AJKERSHOUFANG_101_sortrand_desc&position=175&now_time=1492419416
新世纪花园 学区房 4居室 售价93万^李天骐^93^6062元/m²^153m²^^http://dali.anjuke.com/prop/view/E320721922?from=structured_dict&spread=filtersearch_p&ab=expclick-AJKERSHOUFANG_101_sortrand_desc&position=176&now_time=1492419416
大理市南地观天下 4室2厅2卫 127㎡^南地观天下  [大理市-大理市 开发区]^63^4960元/m²^127m²^^http://dali.anjuke.com/prop/view/E327732246?from=structured_dict&spread=filtersearch_p&ab=expclick-AJKERSHOUFANG_101_sortrand_desc&position=177&now_time=1492419416
^^^^^^
大理市双鸳花园 精装四居室 南北向 满2年好房出售^双鸳花园  [大理市-大理市 双鸳路]^88^6518元/m²^135m²^^http://dali.anjuke.com/prop/view/E329842865?from=structured_dict&spread=filtersearch_p&ab=expclick-AJKERSHOUFANG_101_sortrand_desc&position=181&now_time=1492419420
兴盛小区 4室错层 精装修 南北通透 性价比高^杨晓燕^88^6518元/m²^135m²^^http://dali.anjuke.com/prop/view/E331370045?from=structured_dict&spread=filtersearch_p&ab=expclick-AJKERSHOUFANG_101_sortrand_desc&position=182&now_time=1492419420
大理市 建标华城 4室 2厅 2卫 169.46平米^建标华城海琴湾  [大理市-大理市 开发区]^100^5901元/m²^169m²^^http://dali.anjuke.com/prop/view/E331362060?from=structured_dict&spread=filtersearch_p&ab=expclick-AJKERSHOUFANG_101_sortrand_desc&position=183&now_time=1492419420
大理市双鸳花园 4室大户型精装修房低价出售^双鸳花园  [大理市-大理市 双鸳路]^90^6666元/m²^135m²^^http://dali.anjuke.com/prop/view/E331370022?from=structured_dict&spread=filtersearch_p&ab=expclick-AJKERSHOUFANG_101_sortrand_desc&position=184&now_time=1492419420
南地观天下 4室2厅2卫 127㎡精装出售^南地观天下  [大理市-大理市 开发区]^63^4960元/m²^127m²^^http://dali.anjuke.com/prop/view/E332128614?from=structured_dict&spread=filtersearch_p&ab=expclick-AJKERSHOUFANG_101_sortrand_desc&position=185&now_time=1492419420
沃尔玛附近 端头房 装修清爽 房东诚心出售^正阳时代广场  [大理市-大理市 正阳时代广场]^92^6301元/m²^146m²^^http://dali.anjuke.com/prop/view/E329657000?from=structured_dict&spread=filtersearch_p&ab=expclick-AJKERSHOUFANG_101_sortrand_desc&position=186&now_time=1492419420
现有10套别墅 有部分可看海 100多万 资源有限^韩银江^98^4434元/m²^221m²^^http://dali.anjuke.com/prop/view/E331790713?from=structured_dict&spread=filtersearch_p&ab=expclick-AJKERSHOUFANG_101_sortrand_desc&position=187&now_time=1492419420
艺海天城 4室 142m²精装修跃层好房出售^艺海天城  [大理市-大理市 龙溪路]^86^6056元/m²^142m²^^http://dali.anjuke.com/prop/view/E330949200?from=structured_dict&spread=filtersearch_p&ab=expclick-AJKERSHOUFANG_101_sortrand_desc&position=188&now_time=1492419420
明珠广场附近好房子诚心出售 唯一住房^三豪花园  [大理市-大理市 苍山路]^85^6538元/m²^130m²^^http://dali.anjuke.com/prop/view/E328226112?from=structured_dict&spread=filtersearch_p&ab=expclick-AJKERSHOUFANG_101_sortrand_desc&position=189&now_time=1492419420
大理市龙园小区 4室2厅2卫 146㎡^龙园小区  [大理市-大理市 下关嘉士伯大道]^92^6301元/m²^146m²^^http://dali.anjuke.com/prop/view/E321300507?from=structured_dict&spread=filtersearch_p&ab=expclick-AJKERSHOUFANG_101_sortrand_desc&position=190&now_time=1492419420
大理市三江雅苑 4室2厅2卫 140㎡^三江雅苑  [大理市-大理市 下关小花园]^80^5714元/m²^140m²^^http://dali.anjuke.com/prop/view/E322624567?from=structured_dict&spread=filtersearch_p&ab=expclick-AJKERSHOUFANG_101_sortrand_desc&position=191&now_time=1492419420
海东城 4室2厅2卫 ，156㎡，61万^李女士^61^3910元/m²^156m²^^http://dali.anjuke.com/prop/view/H321672651?from=structured_dict&spread=filtersearch_p&ab=expclick-AJKERSHOUFANG_101_sortrand_desc&position=192&now_time=1492419420
大理市龙园小区 4室2厅2卫 146㎡^龙园小区  [大理市-大理市 下关嘉士伯大道]^92^6301元/m²^146m²^^http://dali.anjuke.com/prop/view/E322079512?from=structured_dict&spread=filtersearch_p&ab=expclick-AJKERSHOUFANG_101_sortrand_desc&position=193&now_time=1492419420
大理市苍露园小区 4室2厅2卫 168㎡^苍露园小区  [大理市-大理市 苍山路]^95^5654元/m²^168m²^^http://dali.anjuke.com/prop/view/E331154986?from=structured_dict&spread=filtersearch_p&ab=expclick-AJKERSHOUFANG_101_sortrand_desc&position=194&now_time=1492419420
宾川鑫盛小区 超值房源^张先生^56^3010元/m²^186m²^^http://dali.anjuke.com/prop/view/H329342061?from=structured_dict&spread=filtersearch_p&ab=expclick-AJKERSHOUFANG_101_sortrand_desc&position=195&now_time=1492419420
金牛小区 精装修 128㎡ 只要70万 超级划算^金牛小区  [大理市-大理市 客运东站旁]^70^5468元/m²^128m²^^http://dali.anjuke.com/prop/view/E331960726?from=structured_dict&spread=filtersearch_p&ab=expclick-AJKERSHOUFANG_101_sortrand_desc&position=196&now_time=1492419420
(出售) 大理市有色地质园^有色地质园  [大理市-大理市 开发区]^80^5517元/m²^145m²^^http://dali.anjuke.com/prop/view/E323968702?from=structured_dict&spread=filtersearch_p&ab=expclick-AJKERSHOUFANG_101_sortrand_desc&position=197&now_time=1492419420
5200一平米 带装修 全城zui低价有眼光的人看来^罗红军^66^5196元/m²^127m²^^http://dali.anjuke.com/prop/view/E331885605?from=structured_dict&spread=filtersearch_p&ab=expclick-AJKERSHOUFANG_101_sortrand_desc&position=198&now_time=1492419420
石化小区大户型,精装修,低价出售,小区仅此一套^李泽花^85^5555元/m²^153m²^^http://dali.anjuke.com/prop/view/E331629870?from=structured_dict&spread=filtersearch_p&ab=expclick-AJKERSHOUFANG_101_sortrand_desc&position=199&now_time=1492419420
大理市有色地质园 4室2厅2卫 145㎡^有色地质园  [大理市-大理市 开发区]^80^5517元/m²^145m²^^http://dali.anjuke.com/prop/view/E323302127?from=structured_dict&spread=filtersearch_p&ab=expclick-AJKERSHOUFANG_101_sortrand_desc&position=200&now_time=1492419420
大理市三江雅苑 4室2厅2卫 140㎡^三江雅苑  [大理市-大理市 下关小花园]^80^5714元/m²^140m²^^http://dali.anjuke.com/prop/view/E332046316?from=structured_dict&spread=filtersearch_p&ab=expclick-AJKERSHOUFANG_101_sortrand_desc&position=201&now_time=1492419420
大理市泰安路河畔金 4室2厅2卫 132㎡^泰安路河畔金色  [大理市-大理市 河畔金色]^89^6742元/m²^132m²^^http://dali.anjuke.com/prop/view/E328063699?from=structured_dict&spread=filtersearch_p&ab=expclick-AJKERSHOUFANG_101_sortrand_desc&position=202&now_time=1492419420
兴盛路兴盛小区 错层满2年诚心出售^李灼文^88^6567元/m²^134m²^^http://dali.anjuke.com/prop/view/E329656972?from=structured_dict&spread=filtersearch_p&ab=expclick-AJKERSHOUFANG_101_sortrand_desc&position=203&now_time=1492419420
大理市泰安路河畔金 4室2厅2卫 132㎡^泰安路河畔金色  [大理市-大理市 河畔金色]^88^6666元/m²^132m²^^http://dali.anjuke.com/prop/view/E324358185?from=structured_dict&spread=filtersearch_p&ab=expclick-AJKERSHOUFANG_101_sortrand_desc&position=204&now_time=1492419420
海东新城 新一手房^李翠新^60^4444元/m²^135m²^^http://dali.anjuke.com/prop/view/E332112305?from=structured_dict&spread=filtersearch_p&ab=expclick-AJKERSHOUFANG_101_sortrand_desc&position=205&now_time=1492419420
精致端头四室 实用高效 轩敞设计 诚心出售^石化小区  [大理市-大理市 下关大理建材城]^77^6637元/m²^116m²^^http://dali.anjuke.com/prop/view/E331222850?from=structured_dict&spread=filtersearch_p&ab=expclick-AJKERSHOUFANG_101_sortrand_desc&position=206&now_time=1492419420
惠丰瑞城楼层好采光佳^杨建龙^99^7643元/m²^129m²^^http://dali.anjuke.com/prop/view/E329625697?from=structured_dict&spread=filtersearch_p&ab=expclick-AJKERSHOUFANG_101_sortrand_desc&position=207&now_time=1492419420
市中心楼梯房子诚心出售;无税;停车方便^鸿泰花园  [大理市-大理市 建设路]^93^7560元/m²^123m²^^http://dali.anjuke.com/prop/view/E328565211?from=structured_dict&spread=filtersearch_p&ab=expclick-AJKERSHOUFANG_101_sortrand_desc&position=208&now_time=1492419420
惠丰新城昭园内滇纺产宿舍 4室 84m²^罗枝红^75^8928元/m²^84m²^^http://dali.anjuke.com/prop/view/E325173519?from=structured_dict&spread=filtersearch_p&ab=expclick-AJKERSHOUFANG_101_sortrand_desc&position=209&now_time=1492419420
惠丰瑞城4室2卫正南北朝向花园中间位置^杨宗泉^98^6758元/m²^145m²^^http://dali.anjuke.com/prop/view/E331625827?from=structured_dict&spread=filtersearch_p&ab=expclick-AJKERSHOUFANG_101_sortrand_desc&position=210&now_time=1492419420
大理市三江雅苑 4室2厅2卫 140㎡^三江雅苑  [大理市-大理市 下关小花园]^80^5714元/m²^140m²^^http://dali.anjuke.com/prop/view/E331171735?from=structured_dict&spread=filtersearch_p&ab=expclick-AJKERSHOUFANG_101_sortrand_desc&position=211&now_time=1492419420
大理新层所剩不多大户型平层,一梯两户,南北通透,户型正气^韩芳^61^3897元/m²^156m²^^http://dali.anjuke.com/prop/view/E328537467?from=structured_dict&spread=filtersearch_p&ab=expclick-AJKERSHOUFANG_101_sortrand_desc&position=212&now_time=1492419420
大理市幸福里4室2厅2卫133平米^幸福里  [大理市-大理市 巍山路口]^72^5413元/m²^133m²^^http://dali.anjuke.com/prop/view/E331691446?from=structured_dict&spread=filtersearch_p&ab=expclick-AJKERSHOUFANG_101_sortrand_desc&position=213&now_time=1492419420
开发区石化小区153㎡南北通透四房85万急卖^石化小区  [大理市-大理市 下关大理建材城]^85^5555元/m²^153m²^^http://dali.anjuke.com/prop/view/E321170749?from=structured_dict&spread=filtersearch_p&ab=expclick-AJKERSHOUFANG_101_sortrand_desc&position=214&now_time=1492419420
兴盛路兴盛小区 错层满2年诚心出售^彭春慧^88^6534元/m²^135m²^^http://dali.anjuke.com/prop/view/E326418462?from=structured_dict&spread=filtersearch_p&ab=expclick-AJKERSHOUFANG_101_sortrand_desc&position=215&now_time=1492419420
市中心楼梯房子诚心出售;小区环境好^鸿泰花园  [大理市-大理市 建设路]^93^7560元/m²^123m²^^http://dali.anjuke.com/prop/view/E327815325?from=structured_dict&spread=filtersearch_p&ab=expclick-AJKERSHOUFANG_101_sortrand_desc&position=216&now_time=1492419420
河畔金色一套值得你一生拥有的房子红本在手无营业税^河畔金色  [大理市-大理市 市中心]^83^6240元/m²^133m²^^http://dali.anjuke.com/prop/view/E322904575?from=structured_dict&spread=filtersearch_p&ab=expclick-AJKERSHOUFANG_101_sortrand_desc&position=217&now_time=1492419420
海东新城 特价房特价房 找我才有的优惠不信你自己去^杨银双^62^4000元/m²^155m²^^http://dali.anjuke.com/prop/view/E330302592?from=structured_dict&spread=filtersearch_p&ab=expclick-AJKERSHOUFANG_101_sortrand_desc&position=218&now_time=1492419420
河畔金色一套值得你一生拥有的房子^泰安路河畔金色  [大理市-大理市 河畔金色]^89^6691元/m²^133m²^^http://dali.anjuke.com/prop/view/E327548519?from=structured_dict&spread=filtersearch_p&ab=expclick-AJKERSHOUFANG_101_sortrand_desc&position=219&now_time=1492419420
建标华城 68万 4室2厅2卫 毛坯好楼层好位置(双证齐全)^建标华城  [大理市-大理市 龙山办公区东侧]^68^4846元/m²^140m²^^http://dali.anjuke.com/prop/view/E326351826?from=structured_dict&spread=filtersearch_p&ab=expclick-AJKERSHOUFANG_101_sortrand_desc&position=220&now_time=1492419420
大理市三江雅苑 4室2厅2卫 140㎡^三江雅苑  [大理市-大理市 下关小花园]^78^5571元/m²^140m²^^http://dali.anjuke.com/prop/view/E328401161?from=structured_dict&spread=filtersearch_p&ab=expclick-AJKERSHOUFANG_101_sortrand_desc&position=221&now_time=1492419420
开发区明珠广场州审计局宿舍好房出售^小闻^72^5538元/m²^130m²^^http://dali.anjuke.com/prop/view/E322985708?from=structured_dict&spread=filtersearch_p&ab=expclick-AJKERSHOUFANG_101_sortrand_desc&position=222&now_time=1492419420
大理市双鸳花园 小 4室2厅2卫 119㎡^杨增禄^73^6134元/m²^119m²^^http://dali.anjuke.com/prop/view/E329848586?from=structured_dict&spread=filtersearch_p&ab=expclick-AJKERSHOUFANG_101_sortrand_desc&position=223&now_time=1492419420
大理市市政府旁海东新城 4室2厅2卫 159.35㎡特价销售^字伟江^66^4154元/m²^159m²^^http://dali.anjuke.com/prop/view/E331887109?from=structured_dict&spread=filtersearch_p&ab=expclick-AJKERSHOUFANG_101_sortrand_desc&position=224&now_time=1492419420
急售南帝观天下精装四居室127平米^南帝观天下  [大理市-大理市 巍山路与沧浪路口]^85^6538元/m²^130m²^^http://dali.anjuke.com/prop/view/E324697774?from=structured_dict&spread=filtersearch_p&ab=expclick-AJKERSHOUFANG_101_sortrand_desc&position=225&now_time=1492419420
大理市海东城联排别4室2厅3卫220㎡^李涛^96^4363元/m²^220m²^^http://dali.anjuke.com/prop/view/E326573048?from=structured_dict&spread=filtersearch_p&ab=expclick-AJKERSHOUFANG_101_sortrand_desc&position=226&now_time=1492419420
大理市海东新城4室2厅2卫190㎡^字文桦^74^3894元/m²^190m²^^http://dali.anjuke.com/prop/view/E325916876?from=structured_dict&spread=filtersearch_p&ab=expclick-AJKERSHOUFANG_101_sortrand_desc&position=227&now_time=1492419420
天然气、直饮水直接入户海在公园外家在公园里海东城^小田^98^5077元/m²^193m²^^http://dali.anjuke.com/prop/view/E322894587?from=structured_dict&spread=filtersearch_p&ab=expclick-AJKERSHOUFANG_101_sortrand_desc&position=228&now_time=1492419420
大理市海东城联排别4室2厅3卫220㎡^李涛^96^4363元/m²^220m²^^http://dali.anjuke.com/prop/view/E326573100?from=structured_dict&spread=filtersearch_p&ab=expclick-AJKERSHOUFANG_101_sortrand_desc&position=229&now_time=1492419420
开发区石化小区153㎡南北通透四房急卖^石化小区  [大理市-大理市 下关大理建材城]^85^5555元/m²^153m²^^http://dali.anjuke.com/prop/view/E325293446?from=structured_dict&spread=filtersearch_p&ab=expclick-AJKERSHOUFANG_101_sortrand_desc&position=230&now_time=1492419420
建标华城海琴 小区环境优美,周边配套设施齐全多套出售^建标华城海琴湾  [大理市-大理市 开发区]^75^5357元/m²^140m²^^http://dali.anjuke.com/prop/view/E328704372?from=structured_dict&spread=filtersearch_p&ab=expclick-AJKERSHOUFANG_101_sortrand_desc&position=231&now_time=1492419420
吉昌路 石油公司宿舍 4室 51万低价出售^石油公司宿舍  [大理市-大理市 吉昌路]^51^5862元/m²^87m²^^http://dali.anjuke.com/prop/view/E326678181?from=structured_dict&spread=filtersearch_p&ab=expclick-AJKERSHOUFANG_101_sortrand_desc&position=232&now_time=1492419420
大理市海东新城未来CBD一手无税花园别墅带花园露台^左左^86^4479元/m²^192m²^^http://dali.anjuke.com/prop/view/E326478221?from=structured_dict&spread=filtersearch_p&ab=expclick-AJKERSHOUFANG_101_sortrand_desc&position=233&now_time=1492419420
大理市三豪花园 黄金楼层 小区环境优美 精装楼梯房^三豪花园  [大理市-大理市 苍山路]^86^6615元/m²^130m²^^http://dali.anjuke.com/prop/view/E330577974?from=structured_dict&spread=filtersearch_p&ab=expclick-AJKERSHOUFANG_101_sortrand_desc&position=234&now_time=1492419420
大理市三豪花园 4室2厅2卫 130㎡^三豪花园  [大理市-大理市 苍山路]^85^6538元/m²^130m²^^http://dali.anjuke.com/prop/view/E328965186?from=structured_dict&spread=filtersearch_p&ab=expclick-AJKERSHOUFANG_101_sortrand_desc&position=235&now_time=1492419420
大理市苍露院 精装4室,黄金楼层, 170㎡仅售95万^张仕财^95^5588元/m²^170m²^^http://dali.anjuke.com/prop/view/E330853348?from=structured_dict&spread=filtersearch_p&ab=expclick-AJKERSHOUFANG_101_sortrand_desc&position=236&now_time=1492419420
大理市龙溪苑 4室2厅1卫 136㎡^龙溪苑  [大理市-大理市 龙溪路水果批发市场对面]^80^5882元/m²^136m²^^http://dali.anjuke.com/prop/view/E328387213?from=structured_dict&spread=filtersearch_p&ab=expclick-AJKERSHOUFANG_101_sortrand_desc&position=237&now_time=1492419420
^^^^^^
育才小学旁天使小区4室免费停车大户型只要69万^天使小区  [大理市-大理市 下关开发区西屏路育才小学旁]^69^5073元/m²^136m²^^http://dali.anjuke.com/prop/view/E323463580?from=structured_dict&spread=filtersearch_p&ab=expclick-AJKERSHOUFANG_101_sortrand_desc&position=241&now_time=1492419424
10套房源 有可以看海的 有带车库的^韩经理^96^4776元/m²^201m²^^http://dali.anjuke.com/prop/view/E331786486?from=structured_dict&spread=filtersearch_p&ab=expclick-AJKERSHOUFANG_101_sortrand_desc&position=242&now_time=1492419424
惠丰瑞城楼层好采光佳^杨建龙^99^7658元/m²^129m²^^http://dali.anjuke.com/prop/view/E329970419?from=structured_dict&spread=filtersearch_p&ab=expclick-AJKERSHOUFANG_101_sortrand_desc&position=243&now_time=1492419424
兴盛路兴盛小区 错层满2年诚心出售^施雅涓^88^6567元/m²^134m²^^http://dali.anjuke.com/prop/view/E329598166?from=structured_dict&spread=filtersearch_p&ab=expclick-AJKERSHOUFANG_101_sortrand_desc&position=244&now_time=1492419424
大理市双鸳花园 4室2厅2卫 135㎡^双鸳花园  [大理市-大理市 双鸳路]^83^6148元/m²^135m²^^http://dali.anjuke.com/prop/view/E323509481?from=structured_dict&spread=filtersearch_p&ab=expclick-AJKERSHOUFANG_101_sortrand_desc&position=245&now_time=1492419424
5200一平米 带装修 全城zui低价有眼光的人看来^罗红军^66^5196元/m²^127m²^^http://dali.anjuke.com/prop/view/E331885621?from=structured_dict&spread=filtersearch_p&ab=expclick-AJKERSHOUFANG_101_sortrand_desc&position=246&now_time=1492419424
建标华城海琴湾低密度花园,毛坯 有钥匙带您看^建标华城海琴湾  [大理市-大理市 开发区]^76^5277元/m²^144m²^^http://dali.anjuke.com/prop/view/E322657672?from=structured_dict&spread=filtersearch_p&ab=expclick-AJKERSHOUFANG_101_sortrand_desc&position=247&now_time=1492419424
大理下关 南地观天下 4室2厅2卫 低价出售^南地观天下  [大理市-大理市 开发区]^63^5121元/m²^123m²^^http://dali.anjuke.com/prop/view/E328063633?from=structured_dict&spread=filtersearch_p&ab=expclick-AJKERSHOUFANG_101_sortrand_desc&position=248&now_time=1492419424
大理市关平路质监局 4室2厅2卫 120㎡^刘娜^90^7500元/m²^120m²^^http://dali.anjuke.com/prop/view/E324282004?from=structured_dict&spread=filtersearch_p&ab=expclick-AJKERSHOUFANG_101_sortrand_desc&position=249&now_time=1492419424
大理市龙园小区 4室2厅2卫 146㎡^龙园小区  [大理市-大理市 下关嘉士伯大道]^92^6301元/m²^146m²^^http://dali.anjuke.com/prop/view/E327109391?from=structured_dict&spread=filtersearch_p&ab=expclick-AJKERSHOUFANG_101_sortrand_desc&position=250&now_time=1492419424
大理市河畔金色 4室2厅2卫 132㎡^河畔金色  [大理市-大理市 市中心]^87^6590元/m²^132m²^^http://dali.anjuke.com/prop/view/E325020771?from=structured_dict&spread=filtersearch_p&ab=expclick-AJKERSHOUFANG_101_sortrand_desc&position=251&now_time=1492419424
云瑞天景小区毛坯出售 满两年 性价售^云瑞天景小区  [大理市-大理市 环境好，地段好。]^86^5972元/m²^144m²^^http://dali.anjuke.com/prop/view/E329291197?from=structured_dict&spread=filtersearch_p&ab=expclick-AJKERSHOUFANG_101_sortrand_desc&position=252&now_time=1492419424
靠近市中心的好房子诚心出售 无税^河畔金色  [大理市-大理市 市中心]^88^6666元/m²^132m²^^http://dali.anjuke.com/prop/view/E328565366?from=structured_dict&spread=filtersearch_p&ab=expclick-AJKERSHOUFANG_101_sortrand_desc&position=253&now_time=1492419424
大理市山水丽都4室2厅2卫143㎡^山水丽都  [大理市-大理市 龙溪路]^98^6853元/m²^143m²^^http://dali.anjuke.com/prop/view/E329722722?from=structured_dict&spread=filtersearch_p&ab=expclick-AJKERSHOUFANG_101_sortrand_desc&position=254&now_time=1492419424
天然气、直饮水直接入户海在公园外家在公园里海东城^小田^98^5077元/m²^193m²^^http://dali.anjuke.com/prop/view/E325261946?from=structured_dict&spread=filtersearch_p&ab=expclick-AJKERSHOUFANG_101_sortrand_desc&position=255&now_time=1492419424
大理市三江雅苑 4室2厅2卫 140㎡^三江雅苑  [大理市-大理市 下关小花园]^80^5714元/m²^140m²^^http://dali.anjuke.com/prop/view/E332045855?from=structured_dict&spread=filtersearch_p&ab=expclick-AJKERSHOUFANG_101_sortrand_desc&position=256&now_time=1492419424
大理市南地观天下 4室2厅2卫 114㎡^南地观天下  [大理市-大理市 开发区]^80^7017元/m²^114m²^^http://dali.anjuke.com/prop/view/E324638392?from=structured_dict&spread=filtersearch_p&ab=expclick-AJKERSHOUFANG_101_sortrand_desc&position=257&now_time=1492419424
大理市河畔金色 4室2厅2卫 132㎡^河畔金色  [大理市-大理市 市中心]^92^6969元/m²^132m²^^http://dali.anjuke.com/prop/view/E329094327?from=structured_dict&spread=filtersearch_p&ab=expclick-AJKERSHOUFANG_101_sortrand_desc&position=258&now_time=1492419424
4室端头阳光房 大户型诚心出售^杨晓燕^70^7526元/m²^93m²^^http://dali.anjuke.com/prop/view/E328445492?from=structured_dict&spread=filtersearch_p&ab=expclick-AJKERSHOUFANG_101_sortrand_desc&position=259&now_time=1492419424
海东新城 天然气入户自来水直引 四所大学六所高中配^姬秀娟^62^3974元/m²^156m²^^http://dali.anjuke.com/prop/view/E331153129?from=structured_dict&spread=filtersearch_p&ab=expclick-AJKERSHOUFANG_101_sortrand_desc&position=260&now_time=1492419424
市中心楼梯房子诚心出售;无税 格局好^鸿泰花园  [大理市-大理市 建设路]^93^7560元/m²^123m²^^http://dali.anjuke.com/prop/view/E327815805?from=structured_dict&spread=filtersearch_p&ab=expclick-AJKERSHOUFANG_101_sortrand_desc&position=261&now_time=1492419424
市中心精装4房全明户型南北通透几面采光超高性价鸿泰花园^鸿泰花园  [大理市-大理市 建设路]^94^7580元/m²^124m²^^http://dali.anjuke.com/prop/view/E328111918?from=structured_dict&spread=filtersearch_p&ab=expclick-AJKERSHOUFANG_101_sortrand_desc&position=262&now_time=1492419424
大理市东站旁边4400元/平米急急急急^潘玉宝^62^4335元/m²^143m²^^http://dali.anjuke.com/prop/view/E329369933?from=structured_dict&spread=filtersearch_p&ab=expclick-AJKERSHOUFANG_101_sortrand_desc&position=263&now_time=1492419424
大理市嘉逸岭湾 4室2厅2卫 154㎡^嘉逸岭湾  [大理市-大理市 环城路旁]^90^5844元/m²^154m²^^http://dali.anjuke.com/prop/view/E325650460?from=structured_dict&spread=filtersearch_p&ab=expclick-AJKERSHOUFANG_101_sortrand_desc&position=264&now_time=1492419424
大理市三江雅苑 4室1厅2卫 140㎡^三江雅苑  [大理市-大理市 下关小花园]^75^5357元/m²^140m²^^http://dali.anjuke.com/prop/view/E328708868?from=structured_dict&spread=filtersearch_p&ab=expclick-AJKERSHOUFANG_101_sortrand_desc&position=265&now_time=1492419424
大理市河畔金色 4室2厅2卫 132平^河畔金色  [大理市-大理市 市中心]^88^6666元/m²^132m²^^http://dali.anjuke.com/prop/view/E328517501?from=structured_dict&spread=filtersearch_p&ab=expclick-AJKERSHOUFANG_101_sortrand_desc&position=266&now_time=1492419424
惠丰新城昭园内滇纺产宿舍 4室 84m²^罗枝红^75^8928元/m²^84m²^^http://dali.anjuke.com/prop/view/E325492525?from=structured_dict&spread=filtersearch_p&ab=expclick-AJKERSHOUFANG_101_sortrand_desc&position=267&now_time=1492419424
大理市山水丽都 学区房^山水丽都  [大理市-大理市 龙溪路]^97^6928元/m²^140m²^^http://dali.anjuke.com/prop/view/E322457027?from=structured_dict&spread=filtersearch_p&ab=expclick-AJKERSHOUFANG_101_sortrand_desc&position=268&now_time=1492419424
西屏路锦兴福园 127㎡带装修满两年四房仅售66万^应红旺^66^5196元/m²^127m²^^http://dali.anjuke.com/prop/view/E331178699?from=structured_dict&spread=filtersearch_p&ab=expclick-AJKERSHOUFANG_101_sortrand_desc&position=269&now_time=1492419424
下关市区石化小区四室两厅精装修南北通透户型方正^石化小区  [大理市-大理市 下关大理建材城]^77^6586元/m²^117m²^^http://dali.anjuke.com/prop/view/E331157061?from=structured_dict&spread=filtersearch_p&ab=expclick-AJKERSHOUFANG_101_sortrand_desc&position=270&now_time=1492419424
市中心楼梯房子诚心出售;里面停车方便;绿化面积大^鸿泰花园  [大理市-大理市 建设路]^93^7560元/m²^123m²^^http://dali.anjuke.com/prop/view/E328565292?from=structured_dict&spread=filtersearch_p&ab=expclick-AJKERSHOUFANG_101_sortrand_desc&position=271&now_time=1492419424
大理市海东新城 4室2厅2卫 190㎡^杨利^74^3894元/m²^190m²^^http://dali.anjuke.com/prop/view/E325703809?from=structured_dict&spread=filtersearch_p&ab=expclick-AJKERSHOUFANG_101_sortrand_desc&position=272&now_time=1492419424
大理市三豪花园 4室2厅2卫 130㎡^三豪花园  [大理市-大理市 苍山路]^85^6538元/m²^130m²^^http://dali.anjuke.com/prop/view/E332047525?from=structured_dict&spread=filtersearch_p&ab=expclick-AJKERSHOUFANG_101_sortrand_desc&position=273&now_time=1492419424
可以在七小上学的好房子诚心出售^州公安局宿舍  [大理市-大理市 苍山路苍宝巷]^99^7226元/m²^137m²^^http://dali.anjuke.com/prop/view/E321634005?from=structured_dict&spread=filtersearch_p&ab=expclick-AJKERSHOUFANG_101_sortrand_desc&position=274&now_time=1492419424
大理市新里程 4室2厅2卫 170㎡^新里程  [大理市-大理市 城北区万花路上段]^99^5823元/m²^170m²^^http://dali.anjuke.com/prop/view/E320201317?from=structured_dict&spread=filtersearch_p&ab=expclick-AJKERSHOUFANG_101_sortrand_desc&position=275&now_time=1492419424
大理市南地观天下 4室2厅2卫 127㎡^南地观天下  [大理市-大理市 开发区]^63^4960元/m²^127m²^^http://dali.anjuke.com/prop/view/E328142826?from=structured_dict&spread=filtersearch_p&ab=expclick-AJKERSHOUFANG_101_sortrand_desc&position=276&now_time=1492419424
南地观天下四室两厅两卫满两年东南向超低急售！^毛少波^63^4960元/m²^127m²^^http://dali.anjuke.com/prop/view/E326741391?from=structured_dict&spread=filtersearch_p&ab=expclick-AJKERSHOUFANG_101_sortrand_desc&position=277&now_time=1492419424
大理市艺墅花乡 4室2厅2卫 140㎡^艺墅花乡  [大理市-大理市 泰安路]^68^4857元/m²^140m²^^http://dali.anjuke.com/prop/view/E331617054?from=structured_dict&spread=filtersearch_p&ab=expclick-AJKERSHOUFANG_101_sortrand_desc&position=278&now_time=1492419424
(出售) 建标华城 4室2厅2卫^建标华城海琴湾  [大理市-大理市 开发区]^62^4305元/m²^144m²^^http://dali.anjuke.com/prop/view/E331362050?from=structured_dict&spread=filtersearch_p&ab=expclick-AJKERSHOUFANG_101_sortrand_desc&position=279&now_time=1492419424
大理市南地观天下 4室2厅2卫 127㎡^南地观天下  [大理市-大理市 开发区]^63^4960元/m²^127m²^^http://dali.anjuke.com/prop/view/E328455463?from=structured_dict&spread=filtersearch_p&ab=expclick-AJKERSHOUFANG_101_sortrand_desc&position=280&now_time=1492419424
大理市河畔金色 4室2厅2卫 132㎡ 中装修好房出售^河畔金色  [大理市-大理市 市中心]^96^7272元/m²^132m²^^http://dali.anjuke.com/prop/view/E330882081?from=structured_dict&spread=filtersearch_p&ab=expclick-AJKERSHOUFANG_101_sortrand_desc&position=281&now_time=1492419424
审计局宿舍4室2厅2卫1阳台94.88㎡^审计局宿舍  [大理市-大理市 下关开发区明珠广场旁]^68^7166元/m²^95m²^^http://dali.anjuke.com/prop/view/E320812750?from=structured_dict&spread=filtersearch_p&ab=expclick-AJKERSHOUFANG_101_sortrand_desc&position=282&now_time=1492419424
海东新城 4室2厅2卫 160平米^赵先生^65^4062元/m²^160m²^^http://dali.anjuke.com/prop/view/H324293514?from=structured_dict&spread=filtersearch_p&ab=expclick-AJKERSHOUFANG_101_sortrand_desc&position=283&now_time=1492419424
大理市南地观天下 4室2厅2卫 127㎡^南地观天下  [大理市-大理市 开发区]^63^4960元/m²^127m²^^http://dali.anjuke.com/prop/view/E326921422?from=structured_dict&spread=filtersearch_p&ab=expclick-AJKERSHOUFANG_101_sortrand_desc&position=284&now_time=1492419424
南地观天下 4室2厅2卫 127㎡精装出售^南地观天下  [大理市-大理市 开发区]^63^4960元/m²^127m²^^http://dali.anjuke.com/prop/view/E332128609?from=structured_dict&spread=filtersearch_p&ab=expclick-AJKERSHOUFANG_101_sortrand_desc&position=285&now_time=1492419424
小花园旁大户型四房140平方仅售78^三江雅苑  [大理市-大理市 下关小花园]^78^5571元/m²^140m²^^http://dali.anjuke.com/prop/view/E329840071?from=structured_dict&spread=filtersearch_p&ab=expclick-AJKERSHOUFANG_101_sortrand_desc&position=286&now_time=1492419424
大理市海东新城 低价位 空间大 *别样生活^李灼文^62^3974元/m²^156m²^^http://dali.anjuke.com/prop/view/E329656895?from=structured_dict&spread=filtersearch_p&ab=expclick-AJKERSHOUFANG_101_sortrand_desc&position=287&now_time=1492419424
大理市外滩名著 4室2厅2卫 156㎡大户型 一线海景房^曾光^80^5128元/m²^156m²^^http://dali.anjuke.com/prop/view/E321427059?from=structured_dict&spread=filtersearch_p&ab=expclick-AJKERSHOUFANG_101_sortrand_desc&position=288&now_time=1492419424
锦兴福园 4室2厅2卫 127㎡全新装修只售68万^李雪华^68^5354元/m²^127m²^^http://dali.anjuke.com/prop/view/E331309192?from=structured_dict&spread=filtersearch_p&ab=expclick-AJKERSHOUFANG_101_sortrand_desc&position=289&now_time=1492419424
大理市三豪花园 4室2厅2卫 130㎡^三豪花园  [大理市-大理市 苍山路]^85^6538元/m²^130m²^^http://dali.anjuke.com/prop/view/E328875883?from=structured_dict&spread=filtersearch_p&ab=expclick-AJKERSHOUFANG_101_sortrand_desc&position=290&now_time=1492419424
大理市河畔金色 4室2厅2卫 132㎡^河畔金色  [大理市-大理市 市中心]^92^6969元/m²^132m²^^http://dali.anjuke.com/prop/view/E331212615?from=structured_dict&spread=filtersearch_p&ab=expclick-AJKERSHOUFANG_101_sortrand_desc&position=291&now_time=1492419424
大理市河畔金色 4室2厅2卫 132㎡^河畔金色  [大理市-大理市 市中心]^90^6818元/m²^132m²^^http://dali.anjuke.com/prop/view/E320371272?from=structured_dict&spread=filtersearch_p&ab=expclick-AJKERSHOUFANG_101_sortrand_desc&position=292&now_time=1492419424
大理市海东新城 4室2厅3卫 198㎡^雷雨婷^84^4242元/m²^198m²^^http://dali.anjuke.com/prop/view/E332071854?from=structured_dict&spread=filtersearch_p&ab=expclick-AJKERSHOUFANG_101_sortrand_desc&position=293&now_time=1492419424
大理市山水丽都 4室2厅2卫 140㎡^山水丽都  [大理市-大理市 龙溪路]^100^7142元/m²^140m²^^http://dali.anjuke.com/prop/view/E331225783?from=structured_dict&spread=filtersearch_p&ab=expclick-AJKERSHOUFANG_101_sortrand_desc&position=294&now_time=1492419424
建设路边鸿泰花园123.7㎡南北通透四房94万急卖^鸿泰花园  [大理市-大理市 建设路]^94^7599元/m²^124m²^^http://dali.anjuke.com/prop/view/E327785129?from=structured_dict&spread=filtersearch_p&ab=expclick-AJKERSHOUFANG_101_sortrand_desc&position=295&now_time=1492419424
大理市沧澜路工行宿 4室2厅2卫 110㎡^韩芳^78^7090元/m²^110m²^^http://dali.anjuke.com/prop/view/E320562798?from=structured_dict&spread=filtersearch_p&ab=expclick-AJKERSHOUFANG_101_sortrand_desc&position=296&now_time=1492419424
5200一平米 带装修 全城zui低价有眼光的人看来^罗红军^66^5196元/m²^127m²^^http://dali.anjuke.com/prop/view/E331885618?from=structured_dict&spread=filtersearch_p&ab=expclick-AJKERSHOUFANG_101_sortrand_desc&position=297&now_time=1492419424
开发区天使小区 2楼 东西向 停车方便 精装^天使小区  [大理市-大理市 下关开发区西屏路育才小学旁]^62^5636元/m²^110m²^^http://dali.anjuke.com/prop/view/E329081530?from=structured_dict&spread=filtersearch_p&ab=expclick-AJKERSHOUFANG_101_sortrand_desc&position=298&now_time=1492419424
大理市斜阳小区工行 4室2厅 大户型 南北通风采光好业主诚心^何罗芬^80^7017元/m²^114m²^^http://dali.anjuke.com/prop/view/E330670737?from=structured_dict&spread=filtersearch_p&ab=expclick-AJKERSHOUFANG_101_sortrand_desc&position=299&now_time=1492419424
^^^^^^
下关市区 85万购下关四室二厅的的楼梯房已满二年^石化小区  [大理市-大理市 下关大理建材城]^85^5555元/m²^153m²^^http://dali.anjuke.com/prop/view/E330031699?from=structured_dict&spread=filtersearch_p&ab=expclick-AJKERSHOUFANG_101_sortrand_desc&position=301&now_time=1492419429
大理市南地观天下 4室2厅2卫 127㎡^南地观天下  [大理市-大理市 开发区]^63^4960元/m²^127m²^^http://dali.anjuke.com/prop/view/E330602044?from=structured_dict&spread=filtersearch_p&ab=expclick-AJKERSHOUFANG_101_sortrand_desc&position=302&now_time=1492419429
大理市正阳时代广场 4室2厅2卫 126㎡^正阳时代广场  [大理市-大理市 正阳时代广场]^86^6825元/m²^126m²^^http://dali.anjuke.com/prop/view/E320887387?from=structured_dict&spread=filtersearch_p&ab=expclick-AJKERSHOUFANG_101_sortrand_desc&position=303&now_time=1492419429
大理市河畔金色 4室2厅2卫 132㎡^河畔金色  [大理市-大理市 市中心]^92^6969元/m²^132m²^^http://dali.anjuke.com/prop/view/E330195220?from=structured_dict&spread=filtersearch_p&ab=expclick-AJKERSHOUFANG_101_sortrand_desc&position=304&now_time=1492419429
海东新城市政府 带队前往居住 买到就是赚到 可看海^韩经理^99^491元/m²^2014m²^^http://dali.anjuke.com/prop/view/E331786493?from=structured_dict&spread=filtersearch_p&ab=expclick-AJKERSHOUFANG_101_sortrand_desc&position=305&now_time=1492419429
